Fecha,Año,Trimestre,Provincia,Otros,veloc_muyBaja,veloc_baja,veloc_media,veloc_alta,veloc_muyAlta
2024-01-01,2024,1,Buenos Aires,125147,111748,391174,1067259,1472665,1876564
2024-01-01,2024,1,Capital Federal,0,10154,76948,96382,460640,860587
2024-01-01,2024,1,Catamarca,70,2006,4537,6026,52927,9367
2024-01-01,2024,1,Chaco,3816,4357,19495,11262,89077,27536
2024-01-01,2024,1,Chubut,16640,8706,68201,44274,32660,195
2024-01-01,2024,1,Córdoba,14710,41310,165014,77151,546206,237808
2024-01-01,2024,1,Corrientes,6242,9570,28354,9690,71624,32414
2024-01-01,2024,1,Entre Ríos,13975,16033,74385,23368,110018,58773
2024-01-01,2024,1,Formosa,302,11974,21326,4453,12869,11794
2024-01-01,2024,1,Jujuy,1970,5922,21651,28824,54503,5183
2024-01-01,2024,1,La Pampa,1599,10101,53751,20556,34279,1909
2024-01-01,2024,1,La Rioja,0,837,2490,29482,48408,6565
2024-01-01,2024,1,Mendoza,5566,11657,48185,83842,139853,13494
2024-01-01,2024,1,Misiones,8526,18117,38358,13469,88846,35240
2024-01-01,2024,1,Neuquén,20168,8062,41935,25077,39327,29677
2024-01-01,2024,1,Río Negro,15576,7252,37036,41053,49825,20277
2024-01-01,2024,1,Salta,6646,8309,84613,3269,68188,31836
2024-01-01,2024,1,San Juan,22755,7054,30066,23011,21893,1887
2024-01-01,2024,1,San Luis,5968,3951,31809,79810,9641,24911
2024-01-01,2024,1,Santa Cruz,33803,2460,15358,14259,13355,973
2024-01-01,2024,1,Santa Fe,16168,36442,199767,87236,401853,177122
2024-01-01,2024,1,Santiago Del Estero,917,7232,59721,30077,16972,9443
2024-01-01,2024,1,Tierra Del Fuego,7121,861,19838,28006,5024,705
2024-01-01,2024,1,Tucumán,488,5778,31333,24845,155829,46322
2023-10-01,2023,4,Buenos Aires,93351,116665,401938,1076083,1436332,1887236
2023-10-01,2023,4,Capital Federal,0,8081,71471,92810,444881,857094
2023-10-01,2023,4,Catamarca,77,2113,4966,6250,51961,9220
2023-10-01,2023,4,Chaco,4040,4580,21305,11987,77294,28180
2023-10-01,2023,4,Chubut,16589,8944,67933,44028,32543,133
2023-10-01,2023,4,Córdoba,17061,44149,172591,78201,537605,229695
2023-10-01,2023,4,Corrientes,6484,10220,30669,13209,66962,31928
2023-10-01,2023,4,Entre Ríos,14382,16808,79234,23927,104039,60247
2023-10-01,2023,4,Formosa,350,11893,21790,4821,11265,11883
2023-10-01,2023,4,Jujuy,1980,6108,22376,29013,53565,4978
2023-10-01,2023,4,La Pampa,1610,10909,54486,20070,32505,1746
2023-10-01,2023,4,La Rioja,0,895,2827,29549,47593,6857
2023-10-01,2023,4,Mendoza,5499,11674,48253,84002,138791,11132
2023-10-01,2023,4,Misiones,8925,18476,38632,15207,84657,34436
2023-10-01,2023,4,Neuquén,20176,8071,41979,25020,38993,30384
2023-10-01,2023,4,Río Negro,15586,7393,37589,48265,39104,20480
2023-10-01,2023,4,Salta,6685,8749,86526,3816,66920,32036
2023-10-01,2023,4,San Juan,22649,7054,29030,23903,19948,626
2023-10-01,2023,4,San Luis,917,3951,31808,84861,8567,24578
2023-10-01,2023,4,Santa Cruz,33434,2533,16564,15193,17471,1836
2023-10-01,2023,4,Santa Fe,16426,38553,215122,81914,379142,178342
2023-10-01,2023,4,Santiago Del Estero,930,7430,60921,30308,13963,9678
2023-10-01,2023,4,Tierra Del Fuego,7879,861,22896,25656,3652,655
2023-10-01,2023,4,Tucumán,562,6684,36111,26059,150089,46830
2023-07-01,2023,3,Buenos Aires,122762,124301,411279,1077298,1394278,1838303
2023-07-01,2023,3,Capital Federal,0,8517,75677,93137,443341,847282
2023-07-01,2023,3,Catamarca,92,2170,5212,6758,51115,9008
2023-07-01,2023,3,Chaco,4089,4758,22890,9876,72685,27848
2023-07-01,2023,3,Chubut,16578,10691,66232,44991,29526,50
2023-07-01,2023,3,Córdoba,16934,46852,184615,78613,518495,223825
2023-07-01,2023,3,Corrientes,7976,11854,32914,10085,65598,31402
2023-07-01,2023,3,Entre Ríos,0,17409,76149,43271,97075,59389
2023-07-01,2023,3,Formosa,359,11945,21964,5323,10365,11358
2023-07-01,2023,3,Jujuy,2028,6320,22842,29244,52317,4625
2023-07-01,2023,3,La Pampa,1613,11326,56255,18760,30412,1555
2023-07-01,2023,3,La Rioja,0,965,3118,29647,47120,6851
2023-07-01,2023,3,Mendoza,5524,11921,48309,84838,138373,9057
2023-07-01,2023,3,Misiones,8892,18698,39923,15781,80760,33081
2023-07-01,2023,3,Neuquén,13259,9380,43466,25611,42037,30516
2023-07-01,2023,3,Río Negro,14957,9655,35733,49163,34871,19106
2023-07-01,2023,3,Salta,6799,9111,88559,4152,66184,31428
2023-07-01,2023,3,San Juan,22628,7054,28963,24075,20474,536
2023-07-01,2023,3,San Luis,8484,3952,31952,85842,6171,12512
2023-07-01,2023,3,Santa Cruz,0,11101,17136,13215,6535,0
2023-07-01,2023,3,Santa Fe,17806,39726,222524,85965,361822,172507
2023-07-01,2023,3,Santiago Del Estero,950,7526,63456,29262,11353,9381
2023-07-01,2023,3,Tierra Del Fuego,5020,861,23276,25569,3404,601
2023-07-01,2023,3,Tucumán,671,7254,39425,27156,146449,45602
2023-04-01,2023,2,Buenos Aires,125147,111748,391174,1067259,1472665,1876510
2023-04-01,2023,2,Capital Federal,0,10154,76948,96382,460640,860562
2023-04-01,2023,2,Catamarca,70,2006,4537,6026,52927,9367
2023-04-01,2023,2,Chaco,3816,4357,19495,11262,89077,27536
2023-04-01,2023,2,Chubut,16640,8706,68201,44274,32660,193
2023-04-01,2023,2,Córdoba,14710,41310,165014,77133,546206,237807
2023-04-01,2023,2,Corrientes,6242,9570,28354,9690,71624,32414
2023-04-01,2023,2,Entre Ríos,13975,16033,74385,23368,110018,58773
2023-04-01,2023,2,Formosa,302,11974,21326,4453,12869,11794
2023-04-01,2023,2,Jujuy,1970,5922,21651,28824,54503,5183
2023-04-01,2023,2,La Pampa,1599,10101,53751,20556,34279,1909
2023-04-01,2023,2,La Rioja,0,837,2490,29482,48408,6565
2023-04-01,2023,2,Mendoza,5566,11657,48185,83842,139853,13494
2023-04-01,2023,2,Misiones,8526,18117,38358,13469,88846,35240
2023-04-01,2023,2,Neuquén,20168,8062,41935,25077,39327,29677
2023-04-01,2023,2,Río Negro,15576,7252,37036,41053,49825,20277
2023-04-01,2023,2,Salta,6646,8309,84613,3269,68188,31835
2023-04-01,2023,2,San Juan,22755,7054,30066,23011,21893,1887
2023-04-01,2023,2,San Luis,5968,3951,31809,79810,9641,24909
2023-04-01,2023,2,Santa Cruz,33803,2460,15358,14259,13355,973
2023-04-01,2023,2,Santa Fe,16168,36442,199767,87236,401853,177121
2023-04-01,2023,2,Santiago Del Estero,917,7232,59721,30077,16972,9443
2023-04-01,2023,2,Tierra Del Fuego,7121,861,19838,28006,5024,705
2023-04-01,2023,2,Tucumán,488,5778,31333,24845,155829,46322
2023-01-01,2023,1,Buenos Aires,95566,125999,442005,1065481,1966101,1125581
2023-01-01,2023,1,Capital Federal,106867,8194,85551,95889,610969,641229
2023-01-01,2023,1,Catamarca,2311,1203,5633,6401,47271,8673
2023-01-01,2023,1,Chaco,3947,5173,25910,10760,69130,27522
2023-01-01,2023,1,Chubut,20574,12351,66097,43761,27234,36
2023-01-01,2023,1,Córdoba,33490,47399,196381,82263,470052,220387
2023-01-01,2023,1,Corrientes,8984,12455,36623,10964,59157,28837
2023-01-01,2023,1,Entre Ríos,0,17797,79714,43365,84800,49202
2023-01-01,2023,1,Formosa,702,11975,22239,6506,9378,10185
2023-01-01,2023,1,Jujuy,2076,6993,24361,29692,50482,4376
2023-01-01,2023,1,La Pampa,16958,12494,50796,14951,20925,380
2023-01-01,2023,1,La Rioja,0,1070,3812,29502,45035,6986
2023-01-01,2023,1,Mendoza,21186,10567,46061,91873,118189,5143
2023-01-01,2023,1,Misiones,8244,19214,40864,15781,73995,32587
2023-01-01,2023,1,Neuquén,2267,9429,44072,31039,42744,30857
2023-01-01,2023,1,Río Negro,29772,9449,36424,36005,33634,19047
2023-01-01,2023,1,Salta,6778,9208,92002,4941,62212,30285
2023-01-01,2023,1,San Juan,11840,14924,28392,35138,11098,375
2023-01-01,2023,1,San Luis,3353,3954,32543,89565,1083,4962
2023-01-01,2023,1,Santa Cruz,1044,11501,18268,13565,5983,0
2023-01-01,2023,1,Santa Fe,18101,44700,242329,101510,312420,167212
2023-01-01,2023,1,Santiago Del Estero,993,9364,70740,22011,7277,8170
2023-01-01,2023,1,Tierra Del Fuego,4575,857,23988,25342,1977,374
2023-01-01,2023,1,Tucumán,15126,7923,46361,27288,121602,42800
2022-10-01,2022,4,Buenos Aires,97634,126634,467063,1062288,1971744,1069247
2022-10-01,2022,4,Capital Federal,106772,9462,92123,97508,614134,631897
2022-10-01,2022,4,Catamarca,2280,1480,6650,7760,44524,8215
2022-10-01,2022,4,Chaco,3909,5585,29199,9754,66654,28201
2022-10-01,2022,4,Chubut,20026,13030,66157,51487,18032,27
2022-10-01,2022,4,Córdoba,17610,53776,208133,83938,460045,226158
2022-10-01,2022,4,Corrientes,7998,12679,38175,10809,56817,28975
2022-10-01,2022,4,Entre Ríos,0,20111,77047,43428,80907,49481
2022-10-01,2022,4,Formosa,698,12345,22833,7038,8815,10111
2022-10-01,2022,4,Jujuy,0,7407,27136,36765,42966,3943
2022-10-01,2022,4,La Pampa,16028,12967,51740,13649,19476,304
2022-10-01,2022,4,La Rioja,0,1356,4798,29466,44034,6608
2022-10-01,2022,4,Mendoza,21144,11269,47684,97014,110889,4104
2022-10-01,2022,4,Misiones,8590,19422,41134,15397,68258,33468
2022-10-01,2022,4,Neuquén,2250,9473,44463,30399,41685,31906
2022-10-01,2022,4,Río Negro,29644,10470,36706,33006,32843,19423
2022-10-01,2022,4,Salta,6747,9654,94292,5168,59509,30490
2022-10-01,2022,4,San Juan,11840,14940,28427,38699,9905,15
2022-10-01,2022,4,San Luis,3353,3955,33198,92489,654,1568
2022-10-01,2022,4,Santa Cruz,1048,11502,18484,13617,5552,0
2022-10-01,2022,4,Santa Fe,18340,52531,267498,96387,283979,168954
2022-10-01,2022,4,Santiago Del Estero,989,12487,73277,18396,6492,7853
2022-10-01,2022,4,Tierra Del Fuego,2264,1387,24820,25012,1484,293
2022-10-01,2022,4,Tucumán,15118,9340,57682,27744,114292,39246
2022-07-01,2022,3,Buenos Aires,125147,111748,391174,1067259,1472665,1876439
2022-07-01,2022,3,Capital Federal,0,10154,76948,96382,460640,860562
2022-07-01,2022,3,Catamarca,70,2006,4537,6026,52927,9367
2022-07-01,2022,3,Chaco,3816,4357,19495,11262,89077,27536
2022-07-01,2022,3,Chubut,16640,8706,68201,44274,32660,193
2022-07-01,2022,3,Córdoba,14710,41310,165014,77065,546206,237791
2022-07-01,2022,3,Corrientes,6242,9570,28354,9690,71624,32414
2022-07-01,2022,3,Entre Ríos,13975,16033,74385,23368,110018,58773
2022-07-01,2022,3,Formosa,302,11974,21326,4453,12869,11794
2022-07-01,2022,3,Jujuy,1970,5922,21651,28824,54503,5181
2022-07-01,2022,3,La Pampa,1599,10101,53751,20556,34279,1909
2022-07-01,2022,3,La Rioja,0,837,2490,29482,48408,6565
2022-07-01,2022,3,Mendoza,5566,11657,48185,83842,139853,13494
2022-07-01,2022,3,Misiones,8526,18117,38358,13469,88846,35240
2022-07-01,2022,3,Neuquén,20168,8062,41935,25077,39327,29677
2022-07-01,2022,3,Río Negro,15576,7252,37036,41053,49825,19610
2022-07-01,2022,3,Salta,6646,8309,84613,3269,68188,31835
2022-07-01,2022,3,San Juan,22755,7054,30066,23011,21893,1887
2022-07-01,2022,3,San Luis,5968,3951,31809,79810,9641,24909
2022-07-01,2022,3,Santa Cruz,33803,2460,15358,14259,13355,973
2022-07-01,2022,3,Santa Fe,16168,36442,199767,87236,401853,177121
2022-07-01,2022,3,Santiago Del Estero,917,7232,59721,30077,16972,9443
2022-07-01,2022,3,Tierra Del Fuego,7121,861,19838,28006,5024,705
2022-07-01,2022,3,Tucumán,488,5778,31333,24845,155829,46322
2022-04-01,2022,2,Buenos Aires,65849,145603,516151,1122886,2502215,314425
2022-04-01,2022,2,Capital Federal,105607,11724,103243,139999,994444,181724
2022-04-01,2022,2,Catamarca,2207,1936,8381,10558,42125,1801
2022-04-01,2022,2,Chaco,3708,6647,32212,24376,72107,4153
2022-04-01,2022,2,Chubut,20021,12223,66351,49805,14379,26
2022-04-01,2022,2,Córdoba,13426,63803,229238,100694,586973,32300
2022-04-01,2022,2,Corrientes,7107,14233,38866,29734,51415,3642
2022-04-01,2022,2,Entre Ríos,16759,21620,81337,50885,93700,5051
2022-04-01,2022,2,Formosa,590,12291,31753,6925,15212,1110
2022-04-01,2022,2,Jujuy,2453,8894,28241,38335,36539,851
2022-04-01,2022,2,La Pampa,3012,13818,60525,17050,17059,63
2022-04-01,2022,2,La Rioja,0,1653,6162,29297,48307,611
2022-04-01,2022,2,Mendoza,3940,12752,57823,129851,73251,1945
2022-04-01,2022,2,Misiones,8350,20345,42480,32550,67538,7550
2022-04-01,2022,2,Neuquén,18717,9575,45450,22896,60052,5274
2022-04-01,2022,2,Río Negro,24270,11031,41609,46111,34336,2407
2022-04-01,2022,2,Salta,6494,11169,96868,7183,76969,4494
2022-04-01,2022,2,San Juan,11617,14949,28763,38448,6617,13
2022-04-01,2022,2,San Luis,14815,1717,26706,78492,8,0
2022-04-01,2022,2,Santa Cruz,644,12051,18559,14346,3585,0
2022-04-01,2022,2,Santa Fe,17584,61600,293540,132390,354539,19204
2022-04-01,2022,2,Santiago Del Estero,792,13587,77504,15489,10165,507
2022-04-01,2022,2,Tierra Del Fuego,3351,862,26871,21715,937,34
2022-04-01,2022,2,Tucumán,281,11353,68855,28496,139923,5618
2022-01-01,2022,1,Buenos Aires,26280,151901,544884,1131368,2429694,271267
2022-01-01,2022,1,Capital Federal,1717,11811,111599,154317,980387,157650
2022-01-01,2022,1,Catamarca,2207,2213,9709,12534,34341,1374
2022-01-01,2022,1,Chaco,7580,7007,32315,33921,59395,3540
2022-01-01,2022,1,Chubut,15607,26253,68762,47564,13416,26
2022-01-01,2022,1,Córdoba,13104,67149,237664,108993,550359,26533
2022-01-01,2022,1,Corrientes,7094,14642,39682,37543,40517,3100
2022-01-01,2022,1,Entre Ríos,16750,22043,83504,63890,77598,4141
2022-01-01,2022,1,Formosa,588,12524,19079,7333,14110,914
2022-01-01,2022,1,Jujuy,2442,11247,29034,38499,34583,703
2022-01-01,2022,1,La Pampa,2833,14339,60866,17300,14347,47
2022-01-01,2022,1,La Rioja,0,1760,7304,29271,45473,495
2022-01-01,2022,1,Mendoza,3287,13173,67933,133776,55451,1565
2022-01-01,2022,1,Misiones,8349,20630,41210,42728,51792,6799
2022-01-01,2022,1,Neuquén,7885,9860,46879,25115,55535,4397
2022-01-01,2022,1,Río Negro,22652,11272,44651,43363,33437,1999
2022-01-01,2022,1,Salta,6489,12723,92938,8542,73220,3603
2022-01-01,2022,1,San Juan,2465,15274,31291,36962,2173,13
2022-01-01,2022,1,San Luis,28589,2336,10492,78419,2,0
2022-01-01,2022,1,Santa Cruz,485,12159,19002,14916,2540,0
2022-01-01,2022,1,Santa Fe,18444,64120,300940,142956,328503,15512
2022-01-01,2022,1,Santiago Del Estero,792,13642,79327,14391,7961,348
2022-01-01,2022,1,Tierra Del Fuego,2421,927,28480,19831,922,30
2022-01-01,2022,1,Tucumán,273,11571,73669,26224,129544,4302
2021-10-01,2021,4,Buenos Aires,22958,163272,569817,1146552,2368212,238329
2021-10-01,2021,4,Capital Federal,0,12719,118571,181068,962013,137718
2021-10-01,2021,4,Catamarca,2233,2422,11542,13066,28838,989
2021-10-01,2021,4,Chaco,7585,7340,34395,35640,55560,2864
2021-10-01,2021,4,Chubut,15763,28244,76442,37477,2381,1
2021-10-01,2021,4,Córdoba,12607,70609,247410,117578,516853,21712
2021-10-01,2021,4,Corrientes,7082,15018,40892,33023,37379,2518
2021-10-01,2021,4,Entre Ríos,16583,24536,84274,62381,73889,3383
2021-10-01,2021,4,Formosa,1967,11943,18032,7950,13042,729
2021-10-01,2021,4,Jujuy,2324,10389,29083,38698,32786,633
2021-10-01,2021,4,La Pampa,3027,13898,60818,17086,12141,37
2021-10-01,2021,4,La Rioja,0,1996,8478,29232,42987,435
2021-10-01,2021,4,Mendoza,366,16104,82251,126439,41162,1264
2021-10-01,2021,4,Misiones,8335,21932,43594,42694,48471,6102
2021-10-01,2021,4,Neuquén,7767,11528,45129,24876,54786,3376
2021-10-01,2021,4,Río Negro,22645,11508,48073,37039,33263,1225
2021-10-01,2021,4,Salta,6475,15642,94489,10192,69690,2917
2021-10-01,2021,4,San Juan,4435,8871,32476,33911,265,0
2021-10-01,2021,4,San Luis,29218,2382,10770,76475,1,0
2021-10-01,2021,4,Santa Cruz,491,12645,19650,14838,862,0
2021-10-01,2021,4,Santa Fe,18777,71644,305966,148190,310075,11787
2021-10-01,2021,4,Santiago Del Estero,793,13950,80576,13005,7217,320
2021-10-01,2021,4,Tierra Del Fuego,2580,420,30030,18347,955,25
2021-10-01,2021,4,Tucumán,240,10552,75641,26349,122072,3784
2021-07-01,2021,3,Buenos Aires,9728,197822,1227613,335244,2273243,206832
2021-07-01,2021,3,Capital Federal,0,11955,212934,114565,950552,123369
2021-07-01,2021,3,Catamarca,2206,2728,12526,12176,25848,770
2021-07-01,2021,3,Chaco,7958,9560,34023,38275,47290,2386
2021-07-01,2021,3,Chubut,14907,25326,90332,23858,1642,1
2021-07-01,2021,3,Córdoba,9256,81859,266966,112380,459017,17306
2021-07-01,2021,3,Corrientes,5053,15303,43516,34493,33283,2171
2021-07-01,2021,3,Entre Ríos,12755,25405,98856,55416,65112,2828
2021-07-01,2021,3,Formosa,1617,12861,17440,8174,12104,599
2021-07-01,2021,3,Jujuy,2401,10876,29648,38316,29414,493
2021-07-01,2021,3,La Pampa,4152,14990,58079,12707,10350,8
2021-07-01,2021,3,La Rioja,0,2100,9264,28185,42226,385
2021-07-01,2021,3,Mendoza,50,11562,153016,70237,20502,572
2021-07-01,2021,3,Misiones,8279,22078,45009,40890,40414,1851
2021-07-01,2021,3,Neuquén,5579,11021,55425,9903,54779,3098
2021-07-01,2021,3,Río Negro,20009,11243,62160,17175,33035,963
2021-07-01,2021,3,Salta,6327,15879,95777,10855,64690,2305
2021-07-01,2021,3,San Juan,4641,7788,53188,13590,266,10
2021-07-01,2021,3,San Luis,29392,2129,11888,74435,1,16
2021-07-01,2021,3,Santa Cruz,735,15277,23699,8587,664,14
2021-07-01,2021,3,Santa Fe,16267,77586,317591,139172,281368,9261
2021-07-01,2021,3,Santiago Del Estero,898,14130,81492,12075,6621,240
2021-07-01,2021,3,Tierra Del Fuego,895,630,36507,11215,957,19
2021-07-01,2021,3,Tucumán,164,11056,78812,27286,112300,2852
2021-04-01,2021,2,Buenos Aires,9108,202976,1205444,378283,2197147,138214
2021-04-01,2021,2,Capital Federal,66,12522,219501,131792,938828,97616
2021-04-01,2021,2,Catamarca,2206,2788,13593,11769,24656,732
2021-04-01,2021,2,Chaco,7958,9857,35213,40112,44916,2294
2021-04-01,2021,2,Chubut,5172,26913,85540,20500,1111,1
2021-04-01,2021,2,Córdoba,9925,83537,257287,137906,426829,15392
2021-04-01,2021,2,Corrientes,5053,14560,42608,34597,30768,1915
2021-04-01,2021,2,Entre Ríos,16077,26735,95263,57970,59131,2453
2021-04-01,2021,2,Formosa,1618,12571,17484,8805,10610,463
2021-04-01,2021,2,Jujuy,2401,10982,30000,38515,29461,479
2021-04-01,2021,2,La Pampa,4062,15124,57643,11474,9158,5
2021-04-01,2021,2,La Rioja,19,2063,9239,28125,41794,362
2021-04-01,2021,2,Mendoza,50,11486,136929,60533,20113,560
2021-04-01,2021,2,Misiones,8279,22328,45278,42002,36696,1586
2021-04-01,2021,2,Neuquén,5645,11112,55671,11852,51213,2753
2021-04-01,2021,2,Río Negro,20009,11327,62374,18899,30716,759
2021-04-01,2021,2,Salta,6328,16100,93576,16768,56786,2081
2021-04-01,2021,2,San Juan,4641,7796,53328,12892,266,10
2021-04-01,2021,2,San Luis,36917,2129,12386,71366,1,16
2021-04-01,2021,2,Santa Cruz,735,15277,23831,8463,662,14
2021-04-01,2021,2,Santa Fe,15371,78303,328829,155798,253812,8148
2021-04-01,2021,2,Santiago Del Estero,1566,13563,81727,11170,5868,194
2021-04-01,2021,2,Tierra Del Fuego,1483,654,27611,5056,887,2
2021-04-01,2021,2,Tucumán,2680,11951,79985,28754,107013,2601
2021-01-01,2021,1,Buenos Aires,10867,204687,1212327,384925,2119947,125152
2021-01-01,2021,1,Capital Federal,126,12943,223851,139718,916808,86197
2021-01-01,2021,1,Catamarca,2196,3074,12875,10827,22429,567
2021-01-01,2021,1,Chaco,8384,11397,35114,42052,40512,1932
2021-01-01,2021,1,Chubut,4390,27858,80744,18236,1111,1
2021-01-01,2021,1,Córdoba,12677,85259,264111,146650,390684,11496
2021-01-01,2021,1,Corrientes,5453,14872,43489,35170,26156,1485
2021-01-01,2021,1,Entre Ríos,12826,25509,100822,58206,52816,1781
2021-01-01,2021,1,Formosa,1942,13043,16991,9131,9293,286
2021-01-01,2021,1,Jujuy,2378,10104,31148,41217,24650,949
2021-01-01,2021,1,La Pampa,2424,19163,57753,10344,7219,1
2021-01-01,2021,1,La Rioja,0,1871,40864,4819,5017,57
2021-01-01,2021,1,Mendoza,44,8960,136710,56604,16198,407
2021-01-01,2021,1,Misiones,8256,21204,45823,41151,31816,1130
2021-01-01,2021,1,Neuquén,5758,9726,55331,11588,48540,2288
2021-01-01,2021,1,Río Negro,20103,10912,63877,16692,29149,435
2021-01-01,2021,1,Salta,6319,19236,89827,17303,53300,1589
2021-01-01,2021,1,San Juan,4641,7975,53541,11834,266,10
2021-01-01,2021,1,San Luis,36917,2133,12740,67344,1,16
2021-01-01,2021,1,Santa Cruz,0,15309,21785,8324,633,14
2021-01-01,2021,1,Santa Fe,24382,74804,332369,157330,230795,6108
2021-01-01,2021,1,Santiago Del Estero,4144,16242,77138,9249,4785,81
2021-01-01,2021,1,Tierra Del Fuego,11836,694,22170,4803,917,1
2021-01-01,2021,1,Tucumán,2680,12848,83439,29443,101506,1929
2020-10-01,2020,4,Buenos Aires,9016,205855,1214389,426876,2052536,122492
2020-10-01,2020,4,Capital Federal,268,13256,225456,140483,915838,84192
2020-10-01,2020,4,Catamarca,2309,3803,13851,12027,19840,566
2020-10-01,2020,4,Chaco,7965,11501,35812,42503,39085,1856
2020-10-01,2020,4,Chubut,4402,28719,81477,14864,1111,1
2020-10-01,2020,4,Córdoba,13568,85315,267415,152241,373313,10845
2020-10-01,2020,4,Corrientes,4985,15076,43739,35070,25413,1376
2020-10-01,2020,4,Entre Ríos,14654,24585,97646,57355,51452,1666
2020-10-01,2020,4,Formosa,1680,13188,18014,8378,8725,221
2020-10-01,2020,4,Jujuy,2811,10191,28191,45376,18353,919
2020-10-01,2020,4,La Pampa,2520,19274,59886,8905,6109,0
2020-10-01,2020,4,La Rioja,0,1920,41065,4814,4930,49
2020-10-01,2020,4,Mendoza,2570,12891,144661,43784,11201,346
2020-10-01,2020,4,Misiones,7001,19661,46980,41255,31179,1078
2020-10-01,2020,4,Neuquén,5720,9782,55573,11292,48580,2184
2020-10-01,2020,4,Río Negro,20146,10960,64089,16648,28973,394
2020-10-01,2020,4,Salta,6319,19975,90920,23479,45318,1379
2020-10-01,2020,4,San Juan,4588,8217,54058,5458,265,10
2020-10-01,2020,4,San Luis,36918,2618,14950,64929,1,16
2020-10-01,2020,4,Santa Cruz,758,13252,18350,7667,633,14
2020-10-01,2020,4,Santa Fe,23602,78376,332872,159399,220549,5676
2020-10-01,2020,4,Santiago Del Estero,3932,16270,76870,5077,4450,68
2020-10-01,2020,4,Tierra Del Fuego,6690,721,27296,3985,921,0
2020-10-01,2020,4,Tucumán,2680,13255,85235,36260,91760,1832
2020-07-01,2020,3,Buenos Aires,19853,219581,1198008,413137,1985902,98338
2020-07-01,2020,3,Capital Federal,247,14315,233566,146787,907256,70473
2020-07-01,2020,3,Catamarca,2154,3333,13774,11757,18374,512
2020-07-01,2020,3,Chaco,7194,10592,35781,41297,37203,1526
2020-07-01,2020,3,Chubut,3942,28475,81465,15035,1109,1
2020-07-01,2020,3,Córdoba,11728,86171,260493,148065,352825,8188
2020-07-01,2020,3,Corrientes,5020,19762,39342,33923,24311,1033
2020-07-01,2020,3,Entre Ríos,15759,28149,93018,55174,48203,1192
2020-07-01,2020,3,Formosa,1737,13769,17368,8116,8105,114
2020-07-01,2020,3,Jujuy,3065,20483,22451,45491,14358,879
2020-07-01,2020,3,La Pampa,4029,15875,59743,7713,5333,0
2020-07-01,2020,3,La Rioja,2,1976,41106,4784,4719,29
2020-07-01,2020,3,Mendoza,45,8630,144995,45891,8025,202
2020-07-01,2020,3,Misiones,8779,20261,43554,39605,30195,788
2020-07-01,2020,3,Neuquén,803,13238,54331,11432,47679,1748
2020-07-01,2020,3,Río Negro,19093,11746,61589,10578,28294,167
2020-07-01,2020,3,Salta,14996,15473,82686,23918,42806,967
2020-07-01,2020,3,San Juan,4150,12003,54476,6570,128,0
2020-07-01,2020,3,San Luis,36917,2016,13639,63987,3,0
2020-07-01,2020,3,Santa Cruz,833,13243,17726,7359,120,0
2020-07-01,2020,3,Santa Fe,27001,88165,326378,150900,206320,4232
2020-07-01,2020,3,Santiago Del Estero,4801,14779,76968,4950,3950,44
2020-07-01,2020,3,Tierra Del Fuego,6992,717,26802,4207,936,0
2020-07-01,2020,3,Tucumán,2637,13894,86713,36372,82599,1595
2020-04-01,2020,2,Buenos Aires,21233,217816,1221904,421244,1813917,80061
2020-04-01,2020,2,Capital Federal,687,15527,246108,160024,876065,59379
2020-04-01,2020,2,Catamarca,3176,3482,14072,10668,16125,453
2020-04-01,2020,2,Chaco,6969,10809,35556,41126,32169,1142
2020-04-01,2020,2,Chubut,3999,10086,81947,12010,614,0
2020-04-01,2020,2,Córdoba,8971,87701,261807,152752,319487,5748
2020-04-01,2020,2,Corrientes,5020,18138,39548,33742,21664,754
2020-04-01,2020,2,Entre Ríos,14569,27426,93781,54946,42636,755
2020-04-01,2020,2,Formosa,1313,13977,17208,7959,7433,42
2020-04-01,2020,2,Jujuy,16557,18360,22944,27038,9319,97
2020-04-01,2020,2,La Pampa,1123,18528,61324,5457,3377,0
2020-04-01,2020,2,La Rioja,2,2048,41010,4759,4315,21
2020-04-01,2020,2,Mendoza,2450,8764,146026,38532,5277,135
2020-04-01,2020,2,Misiones,8646,20525,43656,38750,28179,580
2020-04-01,2020,2,Neuquén,0,13240,54579,11929,45128,1292
2020-04-01,2020,2,Río Negro,17057,12739,61993,10771,26848,78
2020-04-01,2020,2,Salta,6531,19864,87043,24730,38973,621
2020-04-01,2020,2,San Juan,4430,5775,54497,4948,127,0
2020-04-01,2020,2,San Luis,35992,1999,13130,62825,3,0
2020-04-01,2020,2,Santa Cruz,493,13239,17931,7087,119,0
2020-04-01,2020,2,Santa Fe,20193,83532,330923,153819,186347,3116
2020-04-01,2020,2,Santiago Del Estero,4516,15864,76314,5425,3312,16
2020-04-01,2020,2,Tierra Del Fuego,7446,744,26778,3425,796,0
2020-04-01,2020,2,Tucumán,2635,14286,89428,36430,73098,1278
2020-01-01,2020,1,Buenos Aires,28935,209288,1224184,452874,1727212,74957
2020-01-01,2020,1,Capital Federal,0,16255,256226,175570,851064,54938
2020-01-01,2020,1,Catamarca,2151,3559,12885,9966,9915,384
2020-01-01,2020,1,Chaco,6917,9438,34704,40267,27669,870
2020-01-01,2020,1,Chubut,4500,11445,71365,8996,614,0
2020-01-01,2020,1,Córdoba,9802,89579,253108,161567,292383,4484
2020-01-01,2020,1,Corrientes,4780,16782,38678,34030,18904,563
2020-01-01,2020,1,Entre Ríos,13762,30931,92692,53113,39283,511
2020-01-01,2020,1,Formosa,100,14923,16807,7528,6900,18
2020-01-01,2020,1,Jujuy,16545,20719,22617,26859,7303,45
2020-01-01,2020,1,La Pampa,1618,18555,62488,4371,2035,71
2020-01-01,2020,1,La Rioja,0,1942,40447,4662,1294,0
2020-01-01,2020,1,Mendoza,0,8947,143846,20359,3708,100
2020-01-01,2020,1,Misiones,10885,17963,40525,38014,25868,445
2020-01-01,2020,1,Neuquén,0,13093,52861,12530,42718,1012
2020-01-01,2020,1,Río Negro,17719,12923,59741,11083,25428,33
2020-01-01,2020,1,Salta,6441,15856,87038,26616,34405,339
2020-01-01,2020,1,San Juan,4779,5468,56155,1332,127,0
2020-01-01,2020,1,San Luis,36075,1894,13697,58785,3,0
2020-01-01,2020,1,Santa Cruz,0,13600,18918,5698,119,0
2020-01-01,2020,1,Santa Fe,17656,85196,332873,153016,171473,2342
2020-01-01,2020,1,Santiago Del Estero,4501,16995,74887,3872,2798,1
2020-01-01,2020,1,Tierra Del Fuego,7046,851,27161,2030,518,0
2020-01-01,2020,1,Tucumán,0,14651,85436,32826,66349,1186
2019-10-01,2019,4,Buenos Aires,20676,217185,1283584,698759,1445431,19318
2019-10-01,2019,4,Capital Federal,0,16728,270910,316662,721182,32622
2019-10-01,2019,4,Catamarca,3098,3902,13725,10109,7230,247
2019-10-01,2019,4,Chaco,6988,10473,34468,44418,20854,702
2019-10-01,2019,4,Chubut,4121,14421,68091,8855,614,0
2019-10-01,2019,4,Córdoba,10350,88944,262211,223440,218018,3724
2019-10-01,2019,4,Corrientes,4995,16846,38901,37348,15239,505
2019-10-01,2019,4,Entre Ríos,14178,32748,100013,61938,29749,404
2019-10-01,2019,4,Formosa,243,15096,17147,8554,5657,14
2019-10-01,2019,4,Jujuy,14122,20061,22546,26866,5265,20
2019-10-01,2019,4,La Pampa,1566,21630,62623,3238,1264,71
2019-10-01,2019,4,La Rioja,0,2122,40790,4785,1305,0
2019-10-01,2019,4,Mendoza,6901,10303,148546,17402,2548,80
2019-10-01,2019,4,Misiones,11508,20169,40406,42931,20411,388
2019-10-01,2019,4,Neuquén,0,13861,48167,19416,34124,877
2019-10-01,2019,4,Río Negro,17019,13346,61412,15526,19829,8
2019-10-01,2019,4,Salta,7120,17425,92540,29539,25628,193
2019-10-01,2019,4,San Juan,1246,5420,56849,1332,127,0
2019-10-01,2019,4,San Luis,36287,1894,14276,55741,3,0
2019-10-01,2019,4,Santa Cruz,350,14053,22728,2231,8,0
2019-10-01,2019,4,Santa Fe,27472,90735,330861,184525,133596,1980
2019-10-01,2019,4,Santiago Del Estero,5017,17230,75031,3861,2448,1
2019-10-01,2019,4,Tierra Del Fuego,7789,873,27781,1987,1962,0
2019-10-01,2019,4,Tucumán,0,16216,90400,35321,55787,919
2019-07-01,2019,3,Buenos Aires,30844,419576,1519526,743196,1230947,14847
2019-07-01,2019,3,Capital Federal,0,17681,373419,396608,624135,29367
2019-07-01,2019,3,Catamarca,2169,5243,18568,6405,15,0
2019-07-01,2019,3,Chaco,9141,11011,51236,26323,16229,511
2019-07-01,2019,3,Chubut,3353,15837,60790,8411,614,0
2019-07-01,2019,3,Córdoba,8065,89501,263208,264741,154327,2995
2019-07-01,2019,3,Corrientes,6883,17133,55333,20736,12273,401
2019-07-01,2019,3,Entre Ríos,16895,33490,126792,38280,22350,295
2019-07-01,2019,3,Formosa,100,14882,17262,9379,4442,1
2019-07-01,2019,3,Jujuy,14140,19195,22679,26891,3669,1
2019-07-01,2019,3,La Pampa,1620,36496,48801,2970,863,71
2019-07-01,2019,3,La Rioja,0,2317,41144,4909,1307,0
2019-07-01,2019,3,Mendoza,1563,28693,182376,11366,331,8
2019-07-01,2019,3,Misiones,14990,20628,54252,27363,16380,270
2019-07-01,2019,3,Neuquén,645,19573,50225,26528,27184,1081
2019-07-01,2019,3,Río Negro,17771,12490,78574,19982,15044,368
2019-07-01,2019,3,Salta,7412,16776,89563,25727,12357,0
2019-07-01,2019,3,San Juan,909,6023,64730,1308,128,0
2019-07-01,2019,3,San Luis,36073,2578,21335,62711,3,0
2019-07-01,2019,3,Santa Cruz,540,15019,21177,1230,4,0
2019-07-01,2019,3,Santa Fe,27895,91210,353354,191401,95517,1557
2019-07-01,2019,3,Santiago Del Estero,35001,18435,74162,3698,1835,1
2019-07-01,2019,3,Tierra Del Fuego,9678,981,35864,1838,226,0
2019-07-01,2019,3,Tucumán,0,17445,101104,25197,20384,0
2019-04-01,2019,2,Buenos Aires,43438,386015,1514649,940055,980975,4378
2019-04-01,2019,2,Capital Federal,0,20885,385673,535852,471748,4236
2019-04-01,2019,2,Catamarca,2151,5961,19417,6083,10,0
2019-04-01,2019,2,Chaco,1492,10947,55424,32137,9735,169
2019-04-01,2019,2,Chubut,4500,12140,70959,1569,165,0
2019-04-01,2019,2,Córdoba,8938,90245,266940,327625,75150,894
2019-04-01,2019,2,Corrientes,6080,17428,53792,25042,7043,76
2019-04-01,2019,2,Entre Ríos,17206,33058,125868,47417,10625,39
2019-04-01,2019,2,Formosa,100,15826,17544,11023,2258,0
2019-04-01,2019,2,Jujuy,21765,14868,20773,26727,2598,1
2019-04-01,2019,2,La Pampa,2661,37143,46979,2811,551,71
2019-04-01,2019,2,La Rioja,0,2716,41420,4870,1298,0
2019-04-01,2019,2,Mendoza,0,31128,179550,11358,216,8
2019-04-01,2019,2,Misiones,12206,21498,53929,34290,8107,22
2019-04-01,2019,2,Neuquén,422,8072,61732,38537,13944,179
2019-04-01,2019,2,Río Negro,18519,11532,78773,22725,6878,2
2019-04-01,2019,2,Salta,7585,17764,79820,31020,6461,0
2019-04-01,2019,2,San Juan,6119,1279,62046,792,4,0
2019-04-01,2019,2,San Luis,37977,937,20761,57705,3,0
2019-04-01,2019,2,Santa Cruz,0,6144,22632,1230,4,0
2019-04-01,2019,2,Santa Fe,22323,92295,341753,229880,49071,786
2019-04-01,2019,2,Santiago Del Estero,34501,18998,67503,3849,1204,1
2019-04-01,2019,2,Tierra Del Fuego,0,1016,45178,1669,32,0
2019-04-01,2019,2,Tucumán,0,19211,104149,24919,18393,0
2019-01-01,2019,1,Buenos Aires,6369,374313,1492971,1153747,703513,879
2019-01-01,2019,1,Capital Federal,0,22995,399290,695841,282878,578
2019-01-01,2019,1,Catamarca,2151,8813,18133,5635,7,0
2019-01-01,2019,1,Chaco,1035,12066,56155,31358,6368,0
2019-01-01,2019,1,Chubut,0,11471,70181,861,165,0
2019-01-01,2019,1,Córdoba,6806,85620,274630,328654,50685,22
2019-01-01,2019,1,Corrientes,0,17618,53826,25186,5029,0
2019-01-01,2019,1,Entre Ríos,12142,35456,130860,47103,7618,1
2019-01-01,2019,1,Formosa,0,15719,16800,11126,1654,0
2019-01-01,2019,1,Jujuy,37162,17885,23497,4051,1139,1
2019-01-01,2019,1,La Pampa,698,41079,42488,2415,337,62
2019-01-01,2019,1,La Rioja,0,3290,42261,5233,869,0
2019-01-01,2019,1,Mendoza,0,32427,177599,5823,125,5
2019-01-01,2019,1,Misiones,7654,24062,53087,35663,5167,0
2019-01-01,2019,1,Neuquén,6105,6332,52192,38596,11017,0
2019-01-01,2019,1,Río Negro,3719,10354,78495,23209,5047,2
2019-01-01,2019,1,Salta,1,21003,78995,33771,2242,0
2019-01-01,2019,1,San Juan,560,4653,58244,523,2,0
2019-01-01,2019,1,San Luis,23577,3472,71299,353,0,0
2019-01-01,2019,1,Santa Cruz,0,7461,17413,728,4,0
2019-01-01,2019,1,Santa Fe,18591,112260,337180,227795,35992,502
2019-01-01,2019,1,Santiago Del Estero,0,20615,66382,4044,494,0
2019-01-01,2019,1,Tierra Del Fuego,0,1095,41516,721,29,0
2019-01-01,2019,1,Tucumán,0,21810,108511,27057,14838,0
2018-10-01,2018,4,Buenos Aires,19125,347942,1477381,1528149,263650,359
2018-10-01,2018,4,Capital Federal,0,22932,411120,768164,186468,335
2018-10-01,2018,4,Catamarca,2003,8412,17671,5490,7,0
2018-10-01,2018,4,Chaco,0,11658,53886,31358,6368,0
2018-10-01,2018,4,Chubut,1144,9979,66280,1154,165,0
2018-10-01,2018,4,Córdoba,8903,81635,268300,329701,48778,21
2018-10-01,2018,4,Corrientes,0,16786,53600,25186,5029,0
2018-10-01,2018,4,Entre Ríos,13693,31143,122451,47148,7612,0
2018-10-01,2018,4,Formosa,0,15648,16783,11119,1654,0
2018-10-01,2018,4,Jujuy,43573,17871,23497,4051,1139,1
2018-10-01,2018,4,La Pampa,923,26886,55251,2306,202,62
2018-10-01,2018,4,La Rioja,3,3285,42261,5233,869,0
2018-10-01,2018,4,Mendoza,0,30830,170597,4755,120,2
2018-10-01,2018,4,Misiones,0,24180,51134,35792,5167,0
2018-10-01,2018,4,Neuquén,6287,6275,52191,38596,11016,0
2018-10-01,2018,4,Río Negro,3094,12921,72743,23036,5041,2
2018-10-01,2018,4,Salta,0,19770,78795,33771,2242,0
2018-10-01,2018,4,San Juan,606,5717,55761,313,1,0
2018-10-01,2018,4,San Luis,23635,2977,69536,183,0,0
2018-10-01,2018,4,Santa Cruz,531,8060,15966,207,4,0
2018-10-01,2018,4,Santa Fe,28450,112474,316568,226479,35918,501
2018-10-01,2018,4,Santiago Del Estero,326,22740,62023,3763,483,0
2018-10-01,2018,4,Tierra Del Fuego,0,297,35978,9918,67,0
2018-10-01,2018,4,Tucumán,92,21930,108185,26958,14838,0
2018-07-01,2018,3,Buenos Aires,120987,223849,1494139,1535006,235937,359
2018-07-01,2018,3,Capital Federal,0,25625,418113,783713,164704,335
2018-07-01,2018,3,Catamarca,2004,9214,17647,5354,7,0
2018-07-01,2018,3,Chaco,1035,11692,52219,31420,5667,0
2018-07-01,2018,3,Chubut,1142,9532,91744,1154,164,0
2018-07-01,2018,3,Córdoba,8996,80619,265072,331328,39823,19
2018-07-01,2018,3,Corrientes,0,17392,52687,24958,4418,1
2018-07-01,2018,3,Entre Ríos,546,31249,119563,46464,6783,3
2018-07-01,2018,3,Formosa,8,15897,16461,11065,1434,0
2018-07-01,2018,3,Jujuy,38,12353,27816,4105,622,1
2018-07-01,2018,3,La Pampa,780,26547,53772,2108,171,31
2018-07-01,2018,3,La Rioja,3,3553,42532,5445,339,0
2018-07-01,2018,3,Mendoza,0,28756,173390,4764,117,2
2018-07-01,2018,3,Misiones,0,18114,49495,35886,4547,0
2018-07-01,2018,3,Neuquén,6888,4301,56808,39012,9709,0
2018-07-01,2018,3,Río Negro,3707,11089,70982,23409,4304,1
2018-07-01,2018,3,Salta,0,19573,78002,34820,488,0
2018-07-01,2018,3,San Juan,112,5578,58475,315,1,0
2018-07-01,2018,3,San Luis,1961,2967,69309,184,0,0
2018-07-01,2018,3,Santa Cruz,54,8044,25691,207,3,0
2018-07-01,2018,3,Santa Fe,16439,110016,312355,225110,30678,502
2018-07-01,2018,3,Santiago Del Estero,258,22189,59778,3872,263,0
2018-07-01,2018,3,Tierra Del Fuego,1264,1359,42673,255,13,0
2018-07-01,2018,3,Tucumán,126,23550,107300,28003,12187,0
2018-04-01,2018,2,Buenos Aires,111742,235705,1601558,1352924,198542,228
2018-04-01,2018,2,Capital Federal,0,27626,489157,710166,141937,300
2018-04-01,2018,2,Catamarca,6516,7959,15225,4383,6,0
2018-04-01,2018,2,Chaco,1266,11295,50192,31171,4597,0
2018-04-01,2018,2,Chubut,5041,15646,79859,9,9,0
2018-04-01,2018,2,Córdoba,10894,76981,267105,323154,34924,15
2018-04-01,2018,2,Corrientes,0,18108,51281,24706,3861,1
2018-04-01,2018,2,Entre Ríos,546,29739,117487,46293,5917,3
2018-04-01,2018,2,Formosa,8,16091,16172,11040,1243,0
2018-04-01,2018,2,Jujuy,38,12945,28122,4021,6,1
2018-04-01,2018,2,La Pampa,775,26942,52591,1933,134,31
2018-04-01,2018,2,La Rioja,3,3803,42467,5660,15,0
2018-04-01,2018,2,Mendoza,33808,7234,159555,293,62,0
2018-04-01,2018,2,Misiones,0,19030,47616,35635,3866,0
2018-04-01,2018,2,Neuquén,7285,4487,56666,38868,8542,0
2018-04-01,2018,2,Río Negro,4081,10453,70833,23170,3698,0
2018-04-01,2018,2,Salta,0,20464,77851,35684,168,0
2018-04-01,2018,2,San Juan,5096,1427,57575,3,0,0
2018-04-01,2018,2,San Luis,9298,163,11998,9,0,0
2018-04-01,2018,2,Santa Cruz,4900,5958,23443,101,3,0
2018-04-01,2018,2,Santa Fe,22218,105824,303933,226151,26424,2
2018-04-01,2018,2,Santiago Del Estero,17594,9037,53804,3311,29,0
2018-04-01,2018,2,Tierra Del Fuego,1309,1223,42100,75,0,0
2018-04-01,2018,2,Tucumán,1412,25309,106309,28143,8784,0
2018-01-01,2018,1,Buenos Aires,105818,159867,1654897,1367904,180985,2229
2018-01-01,2018,1,Capital Federal,0,14159,511272,715796,125756,1611
2018-01-01,2018,1,Catamarca,6500,2973,20872,3580,0,4
2018-01-01,2018,1,Chaco,1035,3394,56941,31548,3790,74
2018-01-01,2018,1,Chubut,5010,13245,79655,9,9,0
2018-01-01,2018,1,Córdoba,10049,38882,312436,323407,26129,3088
2018-01-01,2018,1,Corrientes,0,6436,59770,24958,3243,13
2018-01-01,2018,1,Entre Ríos,0,17218,127340,47219,4052,1019
2018-01-01,2018,1,Formosa,0,6418,13704,11152,1028,18
2018-01-01,2018,1,Jujuy,0,9265,31150,3974,0,4
2018-01-01,2018,1,La Pampa,3503,24143,52941,1700,88,0
2018-01-01,2018,1,La Rioja,0,1496,44895,5850,1,0
2018-01-01,2018,1,Mendoza,33788,7236,159546,295,62,0
2018-01-01,2018,1,Misiones,0,6809,57050,36464,3200,19
2018-01-01,2018,1,Neuquén,6105,4287,60255,38730,7369,0
2018-01-01,2018,1,Río Negro,3975,8406,72760,22996,3102,0
2018-01-01,2018,1,Salta,0,10805,87192,35930,58,16
2018-01-01,2018,1,San Juan,5068,1107,57062,3,0,0
2018-01-01,2018,1,San Luis,9284,375,11714,9,0,0
2018-01-01,2018,1,Santa Cruz,4267,5958,23443,101,3,0
2018-01-01,2018,1,Santa Fe,23181,60699,344883,228575,20211,2504
2018-01-01,2018,1,Santiago Del Estero,17589,5145,58018,3484,0,0
2018-01-01,2018,1,Tierra Del Fuego,107,319,33983,0,0,0
2018-01-01,2018,1,Tucumán,1305,7776,124198,27623,0,7082
2017-10-01,2017,4,Buenos Aires,114182,114280,1760470,1049432,149746,222
2017-10-01,2017,4,Capital Federal,0,34405,798378,637832,111024,2599
2017-10-01,2017,4,Catamarca,2151,3259,21176,2970,0,2
2017-10-01,2017,4,Chaco,1035,3558,61176,27457,3185,60
2017-10-01,2017,4,Chubut,0,13244,80167,12,9,0
2017-10-01,2017,4,Córdoba,8429,33790,375641,258647,21765,2339
2017-10-01,2017,4,Corrientes,0,6611,63386,21113,2649,12
2017-10-01,2017,4,Entre Ríos,0,16086,135332,37987,3434,660
2017-10-01,2017,4,Formosa,0,5635,17623,7977,807,13
2017-10-01,2017,4,Jujuy,0,5722,34274,3551,0,3
2017-10-01,2017,4,La Pampa,3503,13887,62432,1193,71,0
2017-10-01,2017,4,La Rioja,0,1499,44858,5837,1,0
2017-10-01,2017,4,Mendoza,0,7236,172530,326,62,0
2017-10-01,2017,4,Misiones,0,6880,62927,31372,2698,18
2017-10-01,2017,4,Neuquén,6105,4296,68833,30350,6259,0
2017-10-01,2017,4,Río Negro,3719,8693,78877,15984,2405,0
2017-10-01,2017,4,Salta,0,5084,105953,22556,45,10
2017-10-01,2017,4,San Juan,0,1111,57507,4,0,0
2017-10-01,2017,4,San Luis,1902,165,12825,8,0,0
2017-10-01,2017,4,Santa Cruz,0,3261,26613,101,3,0
2017-10-01,2017,4,Santa Fe,14119,51244,404934,182304,17761,1602
2017-10-01,2017,4,Santiago Del Estero,0,3148,62301,3393,0,0
2017-10-01,2017,4,Tierra Del Fuego,0,320,31332,0,0,0
2017-10-01,2017,4,Tucumán,0,8428,123832,25621,0,4367
